editor_id,full_name,role,status,ojs_email,notes
20275,Wouter van Atteveldt,EiC,current,wouter.van.atteveldt@vu.nl,"OJS account; exclude test accts 20425 (test_assistant) and 21563"
19420,Damian Trilling,AE,current,d.c.trilling@vu.nl,
18291,Emese Domahidi,AE,current,emese.domahidi@tu-ilmenau.de,
20815,Rene Weber,AE,current,renew@comm.ucsb.edu,"NOT Matthew Weber 20814 nor Maximilian Weber 21762"
18280,Kokil Jaidka,AE,current,jaidka@nus.edu.sg,"duplicate reviewer-only acct 22709"
20656,Drew Margolin,AE,past,drewmargolin@gmail.com,"editor acct (Drew Berkley Margolin); dup reviewer accts 20342/20450/22503"
20751,Cuihua (Cindy) Shen,AE,past,cuishen@ucdavis.edu,"duplicate reviewer acct 22111"
20594,Rupert Kiddle,assistant editor,current,ccreditorialteam@gmail.com,"does assignment + production; makes Send-for-Review / Send-to-Production decisions, NOT substantive AE decisions"
20474,Chung-hong Chan,code editor,current,chung-hong.chan@gesis.org,"reproducibility / tool & software edits; user spelled it Chun-Hong Chan"
